,Offense,Endurance,Mobility,Scoring,Support
Offense,1.0,-0.4273198498355824,0.32982964725640157,-0.016624461524269517,-0.6008594240041162
Endurance,-0.4273198498355824,1.0,-0.26106474986381567,-0.34344633219291737,0.19856263719756542
Mobility,0.32982964725640157,-0.26106474986381567,1.0,0.156133005805144,-0.6541987924454693
Scoring,-0.016624461524269517,-0.34344633219291737,0.156133005805144,1.0,-0.176638564408375
Support,-0.6008594240041162,0.19856263719756542,-0.6541987924454693,-0.176638564408375,1.0
